<?xml version="1.0"?>
<!--
 Licensed to the Apache Software Foundation (ASF) under one
 or more contributor license agreements.  See the NOTICE file
 distributed with this work for additional information
 regarding copyright ownership.  The ASF licenses this file
 to you under the Apache License, Version 2.0 (the
 "License"); you may not use this file except in compliance
 with the License.  You may obtain a copy of the License at

   http://www.apache.org/licenses/LICENSE-2.0

 Unless required by applicable law or agreed to in writing,
 software distributed under the License is distributed on an
 "AS IS" BASIS, WITHOUT WARRANTIES OR CONDITIONS OF ANY
 KIND, either express or implied.  See the License for the
 specific language governing permissions and limitations
 under the License.
-->

<document>
  <properties>
    <title>Project History</title>
    <author email="rmannibucau@apache.org">Romain Manni-Bucau</author>
  </properties>

  <body>
    <section name="Project History">

      <p>
        Project was created in 2002. It was first released under
        maven coordinates org.apache.jcs:jcs[:1.3].
      </p>

      <p>
        Since 2014 and its version 2 it is released under coordinates
        org.apache.commons:commons-jcs-[core|jcache|*][:2.x].
      </p>

    </section>
  </body>
</document>
