<?xml version="1.0"?>
<!--
 Licensed to the Apache Software Foundation (ASF) under one
 or more contributor license agreements.  See the NOTICE file
 distributed with this work for additional information
 regarding copyright ownership.  The ASF licenses this file
 to you under the Apache License, Version 2.0 (the
 "License"); you may not use this file except in compliance
 with the License.  You may obtain a copy of the License at

   http://www.apache.org/licenses/LICENSE-2.0

 Unless required by applicable law or agreed to in writing,
 software distributed under the License is distributed on an
 "AS IS" BASIS, WITHOUT WARRANTIES OR CONDITIONS OF ANY
 KIND, either express or implied.  See the License for the
 specific language governing permissions and limitations
 under the License.
-->

<document>
  <properties>
    <title>TODO (or not todo)</title>
    <author email="ASmuts@therealm.com">Aaron Smuts</author>
  </properties>

  <body>
    <section name="TODO">
      <p>
        The following is a list of items that need to be completed in
        JCS.  Contributions are welcome!  If you want to get involved,
        its as easy as reading the <a href="/site/source.html">source
        page</a> and the <a href="/turbine/common/code-standards.html">
        coding guidelines</a> established for Turbine family of projects.
      </p>
      <ul>
        <li>Examples</li>
        <li>XML config</li>
        <li>
          Run-time auxiliary selection (establish all lateral
          available and choose via access)</li>
        <li>Idle time check in
          hub on get  ( only check maxLife expiration now)
        </li>
        <li>LFU memory cache</li>
        <li>JUnit tests</li>
        <li>Embedded servlet options</li>
        <li>JMS lateral cache</li>
      </ul>
    </section>
  </body>
</document>
